Clinic Name,Address,City,State,Phone,Website,Description
Premium Fertility Fertility Centre,"538 Sardar Patel Center, Srinagar, Jammu and Kashmir",Srinagar,Jammu and Kashmir,+91-0169-41475345,https://www.premiumfertilityfertilitycentrehospital.com,Comprehensive infertility treatment with state-of-the-art technology
Top IVF IVF Ocean,"423 North Colony, Jammu, Jammu and Kashmir",Jammu,Jammu and Kashmir,+91-0185-87944514,https://www.topivfivfoceanivf.com,Specialized IVF clinic with experienced fertility specialists
Crystal IVF IVF Care,"45 Shivaji Avenue, Biharsharif, Bihar",Biharsharif,Bihar,+91-0183-64473323,https://www.crystalivfivfcareclinic.com,Advanced IVF clinic with proven success rates
Emerald IVF IVF Prairie,"573 Vijay Avenue, Bulandshahr, Uttar Pradesh",Bulandshahr,Uttar Pradesh,+91-0137-73635817,https://www.emeraldivfivfprairiefertility.com,Advanced fertility clinic with cutting-edge technology
Diamond Fertility IVF Ferry,"849 New Center, Chapra, Bihar",Chapra,Bihar,+91-0162-95848135,https://www.diamondfertilityivfferryclinic.com,Complete reproductive health and fertility services
Sapphire Fertility Fertility Valley,"844 Bose Nagar, Patna, Bihar",Patna,Bihar,+91-0126-66280071,https://www.sapphirefertilityfertilityvalleyhospital.com,Leading IVF and fertility treatment facility
Optimal IVF Fertility Adventure,"108 Vijay Avenue, Moradabad, Uttar Pradesh",Moradabad,Uttar Pradesh,+91-0151-87512705,https://www.optimalivffertilityadventurehealth.com,"Complete fertility solutions including IVF, ICSI, and fertility preservation"
Premier Fertility IVF Canal,"69 Vijay Road, Kollam, Kerala",Kollam,Kerala,+91-0129-83218331,https://www.premierfertilityivfcanalfertility.com,Comprehensive fertility treatment and reproductive health services
Best Fertility Super Speciality Hospital,"211 Central Center, Mysore, Karnataka",Mysore,Karnataka,+91-080-18300307,https://www.bestfertilitysuperspecialityhospitalhealth.com,Expert fertility specialists providing comprehensive care
Select Fertility Fertility Valley,"186 Sector Clinic, Sri Ganganagar, Rajasthan",Sri Ganganagar,Rajasthan,+91-0194-53873825,https://www.selectfertilityfertilityvalleycare.com,Comprehensive infertility treatment solutions
Premium IVF Fertility Plain,"109 Sector Road, Patiala, Punjab",Patiala,Punjab,+91-044-16939889,https://www.premiumivffertilityplainclinic.com,Dedicated to helping couples achieve their dream of parenthood
Fine Fertility Fertility Adventure,"331 Gandhi Nagar Road, Raurkela, Odisha",Raurkela,Odisha,+91-0189-34517643,https://www.finefertilityfertilityadventurehealth.com,"Complete fertility solutions including IVF, ICSI, and fertility preservation"
Supreme Fertility Fertility Court,"480 Sonia Street, Sonipat, Haryana",Sonipat,Haryana,+91-0189-50733671,https://www.supremefertilityfertilitycourtcenter.com,Leading IVF and fertility treatment facility
Shivani Fertility Mountain,"143 Bose Center, Vellore, Tamil Nadu",Vellore,Tamil Nadu,+91-0144-92427982,https://www.shivanifertilitymountainhealth.com,Expert fertility care with personalized treatment plans
Ruby IVF Fertility Drive,"179 Central Colony, Yamunanagar, Haryana",Yamunanagar,Haryana,+91-0131-83197585,https://www.rubyivffertilitydrivehealth.com,Advanced assisted reproductive technology center
Emerald IVF Fertility Future,"101 Modi Complex, Rampur, Uttar Pradesh",Rampur,Uttar Pradesh,+91-0148-54255620,https://www.emeraldivffertilityfuturehospital.com,Advanced fertility clinic with cutting-edge technology
Vir k Fertility Target,"926 MG Lane, Anand, Gujarat",Anand,Gujarat,+91-020-74023934,https://www.virkfertilitytargethealth.com,Dedicated to helping couples achieve their dream of parenthood
Superior Fertility Fertility Summit,"229 New Clinic, Amritsar, Punjab",Amritsar,Punjab,+91-080-75507758,https://www.superiorfertilityfertilitysummitcenter.com,Advanced reproductive medicine center with high success rates
Akanksha Fertility Reservoir,"382 Modi Hospital, Secunderabad, Telangana",Secunderabad,Telangana,+91-0140-59991301,https://www.akankshafertilityreservoircenter.com,Comprehensive infertility treatment solutions
Advanced Fertility IVF Prairie,"208 Gandhi Nagar Nagar, Mirzapur, Uttar Pradesh",Mirzapur,Uttar Pradesh,+91-0137-39950266,https://www.advancedfertilityivfprairiemedical.com,Advanced fertility clinic with cutting-edge technology
Optimal IVF Fertility Spring,"444 Phase Colony, Haldwani, Uttarakhand",Haldwani,Uttarakhand,+91-0141-63954801,https://www.optimalivffertilityspringclinic.com,State-of-the-art fertility treatment center
Wonderful Fertility IVF Summit,"593 South Avenue, Ozhukarai, Puducherry",Ozhukarai,Puducherry,+91-0181-17929357,https://www.wonderfulfertilityivfsummitfertility.com,Specialized center for infertility diagnosis and treatment
Ruby IVF Fertility Mission,"841 Sardar Patel Hospital, Nellore, Andhra Pradesh",Nellore,Andhra Pradesh,+91-0124-32453013,https://www.rubyivffertilitymissionhealth.com,Advanced fertility clinic with cutting-edge technology
Remarkable Fertility Fertility Bridge,"335 Ambedkar Complex, Vijayanagaram, Andhra Pradesh",Vijayanagaram,Andhra Pradesh,+91-0128-26511408,https://www.remarkablefertilityfertilitybridgecare.com,Leading IVF and fertility treatment facility
Choice IVF IVF Yacht,"400 Tagore Center, Ludhiana, Punjab",Ludhiana,Punjab,+91-0162-79035485,https://www.choiceivfivfyachtcenter.com,Leading IVF and fertility treatment facility
Select Fertility IVF Drive,"360 South Avenue, Bhavnagar, Gujarat",Bhavnagar,Gujarat,+91-0188-58768058,https://www.selectfertilityivfdrivefertility.com,Specialized fertility care and reproductive medicine
Top IVF IVF Aim,"661 North Street, Saharanpur, Uttar Pradesh",Saharanpur,Uttar Pradesh,+91-0155-97057091,https://www.topivfivfaimivf.com,Advanced assisted reproductive technology center
Choice IVF Fertility Mission,"685 Gandhi Lane, Bahraich, Uttar Pradesh",Bahraich,Uttar Pradesh,+91-0143-72805319,https://www.choiceivffertilitymissionmedical.com,Advanced reproductive medicine center with high success rates
Chosen Fertility Fertility Street,"334 Old Street, Ujjain, Madhya Pradesh",Ujjain,Madhya Pradesh,+91-0123-75436689,https://www.chosenfertilityfertilitystreetfertility.com,Comprehensive infertility treatment solutions
Choice IVF Fertility Lake,"499 Raj Clinic, Nellore, Andhra Pradesh",Nellore,Andhra Pradesh,+91-0194-17221560,https://www.choiceivffertilitylakehospital.com,Expert fertility specialists providing comprehensive care
Nice Fertility IVF Way,"856 Sonia Complex, Mango, Jharkhand",Mango,Jharkhand,+91-0195-12988381,https://www.nicefertilityivfwayhealth.com,Complete reproductive health and fertility services
Top IVF IVF Sea,"917 Shivaji Clinic, Burhanpur, Madhya Pradesh",Burhanpur,Madhya Pradesh,+91-0165-48491342,https://www.topivfivfseafertility.com,Specialized IVF clinic with experienced fertility specialists
Crystal IVF Fertility Valley,"468 New Center, Vijayanagaram, Andhra Pradesh",Vijayanagaram,Andhra Pradesh,+91-0175-68661825,https://www.crystalivffertilityvalleycare.com,State-of-the-art fertility treatment center
Select Fertility Fertility Voyage,"34 Bose Road, Kamarhati, West Bengal",Kamarhati,West Bengal,+91-0148-50565981,https://www.selectfertilityfertilityvoyagehealth.com,Comprehensive fertility treatment and reproductive health services
Excellent IVF IVF Peninsula,"386 Ambedkar Colony, Howrah, West Bengal",Howrah,West Bengal,+91-0186-95299930,https://www.excellentivfivfpeninsulaclinic.com,Advanced assisted reproductive technology center
Fantastic Fertility IVF Quest,"577 Modi Hospital, Satara, Maharashtra",Satara,Maharashtra,+91-0172-30950565,https://www.fantasticfertilityivfquestmedical.com,Specialized IVF clinic with experienced fertility specialists
Care IVF IVF Lake,"101 Shivaji Colony, Ahmednagar, Maharashtra",Ahmednagar,Maharashtra,+91-0175-43395858,https://www.careivfivflakefertility.com,Expert fertility specialists providing comprehensive care
Premier Fertility Fertility Boulevard,"609 Raj Center, Bhilai, Chhattisgarh",Bhilai,Chhattisgarh,+91-0161-52081174,https://www.premierfertilityfertilityboulevardclinic.com,Dedicated to helping couples achieve their dream of parenthood
Choice IVF Fertility Sea,"747 North Road, Loni, Uttar Pradesh",Loni,Uttar Pradesh,+91-0151-10751630,https://www.choiceivffertilityseaclinic.com,Comprehensive infertility treatment with state-of-the-art technology
Ruby IVF IVF Dream,"375 Sector Road, Haldwani, Uttarakhand",Haldwani,Uttarakhand,+91-0174-40360332,https://www.rubyivfivfdreammedical.com,Specialized IVF clinic with experienced fertility specialists
Good IVF Fertility Ship,"718 MG Complex, Agartala, Tripura",Agartala,Tripura,+91-0159-78790608,https://www.goodivffertilityshipclinic.com,Expert fertility specialists providing comprehensive care
Ruby IVF Fertility Centre,"628 Central Clinic, Raipur, Chhattisgarh",Raipur,Chhattisgarh,+91-0191-46206670,https://www.rubyivffertilitycentremedical.com,Expert fertility specialists providing comprehensive care
Exceptional IVF IVF Adventure,"330 Tagore Hospital, Amritsar, Punjab",Amritsar,Punjab,+91-020-10691544,https://www.exceptionalivfivfadventurehospital.com,Leading IVF and fertility treatment facility
Nice Fertility IVF Canal,"45 Main Hospital, Munger, Bihar",Munger,Bihar,+91-0149-87760265,https://www.nicefertilityivfcanalfertility.com,Expert fertility care with personalized treatment plans
Exceptional IVF IVF Savannah,"9 Central Lane, Muzaffarpur, Bihar",Muzaffarpur,Bihar,+91-0139-20249031,https://www.exceptionalivfivfsavannahivf.com,Specialized center for infertility diagnosis and treatment
Nice Fertility IVF Adventure,"517 Block Avenue, Firozabad, Uttar Pradesh",Firozabad,Uttar Pradesh,+91-0176-73400568,https://www.nicefertilityivfadventurecare.com,Modern fertility clinic equipped with latest medical technology
Premier Fertility Fertility Program,"457 New Nagar, Deoghar, Jharkhand",Deoghar,Jharkhand,+91-0181-14440404,https://www.premierfertilityfertilityprogramcenter.com,Advanced IVF clinic with proven success rates
Akanksha IVF Care,"621 Old Nagar, Udaipur, Rajasthan",Udaipur,Rajasthan,+91-0191-80329435,https://www.akankshaivfcarehealth.com,State-of-the-art fertility treatment center
Chosen Fertility IVF Ocean,"537 North Complex, Rohtak, Haryana",Rohtak,Haryana,+91-0173-39417835,https://www.chosenfertilityivfoceanivf.com,Expert fertility specialists providing comprehensive care
Fertility First Fertility Expedition,"361 East Avenue, Rourkela, Odisha",Rourkela,Odisha,+91-020-97205878,https://www.fertilityfirstfertilityexpeditionfertility.com,Advanced assisted reproductive technology center
Royal Fertility Fertility Dream,"59 Raj Road, Bhalswa Jahangir Pur, Delhi",Bhalswa Jahangir Pur,Delhi,+91-0158-26264688,https://www.royalfertilityfertilitydreamivf.com,Advanced fertility clinic with cutting-edge technology
Amazing IVF Fertility Journey,"347 Jawaharlal Nehru Lane, Naihati, West Bengal",Naihati,West Bengal,+91-0139-54305245,https://www.amazingivffertilityjourneyhealth.com,Advanced reproductive medicine center with high success rates
Fine Fertility Fertility Center,"334 Raj Complex, Jalandhar, Punjab",Jalandhar,Punjab,+91-0121-15649163,https://www.finefertilityfertilitycenterfertility.com,Advanced assisted reproductive technology center
Fine Fertility Fertility Plan,"613 South Avenue, Delhi, Delhi",Delhi,Delhi,+91-0129-55692991,https://www.finefertilityfertilityplanhospital.com,Leading fertility treatment center offering advanced ART procedures
Ideal Fertility IVF Ridge,"297 Ashok Hospital, Nandyal, Andhra Pradesh",Nandyal,Andhra Pradesh,+91-0177-68170837,https://www.idealfertilityivfridgehealth.com,Advanced fertility clinic with cutting-edge technology
Perfect IVF Fertility Institute,"198 North Nagar, Bhavnagar, Gujarat",Bhavnagar,Gujarat,+91-0150-15090862,https://www.perfectivffertilityinstitutehospital.com,Leading IVF and fertility treatment facility
Ideal Fertility IVF Expedition,"12 Indira Clinic, Noida, Uttar Pradesh",Noida,Uttar Pradesh,+91-0190-13531949,https://www.idealfertilityivfexpeditionhospital.com,Complete reproductive health and fertility services
Good IVF IVF Lake,"116 Sector Center, Cuttack, Odisha",Cuttack,Odisha,+91-0158-84774957,https://www.goodivfivflakeclinic.com,Advanced IVF clinic with proven success rates
Nova IVF Ocean,"603 Vijay Colony, Jodhpur, Rajasthan",Jodhpur,Rajasthan,+91-0138-38852744,https://www.novaivfoceanclinic.com,Dedicated to helping couples achieve their dream of parenthood
Remarkable Fertility Fertility Path,"120 Jawaharlal Nehru Avenue, Bhopal, Madhya Pradesh",Bhopal,Madhya Pradesh,+91-0186-62089146,https://www.remarkablefertilityfertilitypathcenter.com,Specialized center for infertility diagnosis and treatment
Select Fertility IVF Square,"538 Sonia Colony, Noida, Uttar Pradesh",Noida,Uttar Pradesh,+91-0129-31689296,https://www.selectfertilityivfsquarecenter.com,Modern fertility clinic equipped with latest medical technology
Superb Fertility IVF Boulevard,"460 Shivaji Road, Bidhan Nagar, West Bengal",Bidhan Nagar,West Bengal,+91-0126-62054467,https://www.superbfertilityivfboulevardcenter.com,Expert fertility specialists providing comprehensive care
Optimal IVF IVF Plateau,"331 New Clinic, Belgaum, Karnataka",Belgaum,Karnataka,+91-0148-23193512,https://www.optimalivfivfplateauclinic.com,Comprehensive fertility treatment and reproductive health services
Remarkable Fertility Fertility Avenue,"527 East Complex, Aligarh, Uttar Pradesh",Aligarh,Uttar Pradesh,+91-0123-71311300,https://www.remarkablefertilityfertilityavenueivf.com,Advanced fertility clinic with cutting-edge technology
Prime Fertility Fertility Aqueduct,"734 Shivaji Road, Gorakhpur, Uttar Pradesh",Gorakhpur,Uttar Pradesh,+91-0189-72692284,https://www.primefertilityfertilityaqueducthospital.com,"Complete fertility solutions including IVF, ICSI, and fertility preservation"
Supreme Fertility Fertility Street,"925 Sector Street, Shorapur, Karnataka",Shorapur,Karnataka,+91-0135-51722975,https://www.supremefertilityfertilitystreethospital.com,Specialized center for infertility diagnosis and treatment
Fantastic Fertility IVF Mountain,"899 Gandhi Colony, Noida, Uttar Pradesh",Noida,Uttar Pradesh,+91-0183-80637903,https://www.fantasticfertilityivfmountainhealth.com,Comprehensive infertility treatment solutions
Emerald IVF IVF Valley,"435 Old Road, Madhyamgram, West Bengal",Madhyamgram,West Bengal,+91-0178-14010691,https://www.emeraldivfivfvalleycare.com,Expert fertility care with personalized treatment plans
Great IVF IVF Mountain,"520 MG Colony, Noida, Uttar Pradesh",Noida,Uttar Pradesh,+91-0156-15050915,https://www.greativfivfmountainivf.com,Advanced assisted reproductive technology center
Diamond Fertility Fertility Viaduct,"22 Sonia Road, Karnal, Haryana",Karnal,Haryana,+91-0198-60273875,https://www.diamondfertilityfertilityviaductfertility.com,Leading IVF and fertility treatment facility
Good IVF Fertility Point,"524 East Street, Rourkela, Odisha",Rourkela,Odisha,+91-0180-45722638,https://www.goodivffertilitypointivf.com,Comprehensive infertility treatment with state-of-the-art technology
Remarkable Fertility Fertility Ridge,"89 North Avenue, Visakhapatnam, Andhra Pradesh",Visakhapatnam,Andhra Pradesh,+91-0191-17671802,https://www.remarkablefertilityfertilityridgecenter.com,Comprehensive infertility treatment solutions
Premium IVF IVF Bay,"754 South Road, Nangloi Jat, Delhi",Nangloi Jat,Delhi,+91-0176-76818739,https://www.premiumivfivfbayfertility.com,Specialized IVF clinic with experienced fertility specialists
Prime IVF Fertility Center,"878 North Lane, Guntur, Andhra Pradesh",Guntur,Andhra Pradesh,+91-0158-15086616,https://www.primeivffertilitycentercenter.com,Advanced fertility clinic with cutting-edge technology
Chosen Fertility Fertility Sea,"984 East Street, Anantnag, Jammu and Kashmir",Anantnag,Jammu and Kashmir,+91-0185-49440386,https://www.chosenfertilityfertilityseahealth.com,Specialized IVF clinic with experienced fertility specialists
Prime Fertility Fertility Cape,"970 Gandhi Nagar Street, Jodhpur, Rajasthan",Jodhpur,Rajasthan,+91-011-91181382,https://www.primefertilityfertilitycapeivf.com,Comprehensive infertility treatment with state-of-the-art technology
Excellent IVF Fertility Cape,"400 Vijay Road, Dhule, Maharashtra",Dhule,Maharashtra,+91-0126-23753835,https://www.excellentivffertilitycapemedical.com,State-of-the-art fertility treatment center
Perfect IVF IVF Program,"395 Gandhi Lane, Patna, Bihar",Patna,Bihar,+91-0140-25208711,https://www.perfectivfivfprogramclinic.com,Specialized IVF clinic with experienced fertility specialists
Ultimate IVF IVF Target,"499 North Road, Bhatpara, West Bengal",Bhatpara,West Bengal,+91-0139-73413873,https://www.ultimateivfivftargetclinic.com,Advanced IVF clinic with proven success rates
Superb Fertility IVF Spring,"169 Indira Lane, Berhampur, Odisha",Berhampur,Odisha,+91-0191-72150402,https://www.superbfertilityivfspringfertility.com,Dedicated to helping couples achieve their dream of parenthood
Remarkable Fertility IVF Target,"44 Central Colony, Gandhidham, Gujarat",Gandhidham,Gujarat,+91-0136-21021686,https://www.remarkablefertilityivftargetfertility.com,Leading fertility treatment center offering advanced ART procedures
Supreme Fertility Fertility Crest,"810 West Nagar, Hospet, Karnataka",Hospet,Karnataka,+91-0183-30667704,https://www.supremefertilityfertilitycrestmedical.com,Leading fertility treatment center offering advanced ART procedures
Amazing IVF Fertility Dam,"702 Block Clinic, Firozabad, Uttar Pradesh",Firozabad,Uttar Pradesh,+91-022-36343770,https://www.amazingivffertilitydamclinic.com,Comprehensive fertility treatment and reproductive health services
Ruby IVF Fertility Bay,"603 MG Road, Cuttack, Odisha",Cuttack,Odisha,+91-0151-41383254,https://www.rubyivffertilitybayivf.com,Advanced assisted reproductive technology center
Crystal IVF Fertility Plain,"713 Indira Colony, Bharatpur, Rajasthan",Bharatpur,Rajasthan,+91-0136-12754709,https://www.crystalivffertilityplainhospital.com,Modern fertility clinic equipped with latest medical technology
Shivani IVF Destination,"587 Ambedkar Clinic, Jammu, Jammu and Kashmir",Jammu,Jammu and Kashmir,+91-0129-43327474,https://www.shivaniivfdestinationivf.com,Advanced fertility clinic with cutting-edge technology
Chosen Fertility IVF Quest,"425 New Street, Gandhinagar, Gujarat",Gandhinagar,Gujarat,+91-0158-88197413,https://www.chosenfertilityivfquestfertility.com,Leading center for assisted reproductive technologies
Superb Fertility Fertility Care,"155 Central Avenue, Ambernath, Maharashtra",Ambernath,Maharashtra,+91-0175-36027339,https://www.superbfertilityfertilitycarefertility.com,Specialized center for infertility diagnosis and treatment
Golden IVF IVF Savannah,"169 Gandhi Avenue, Jammu, Jammu and Kashmir",Jammu,Jammu and Kashmir,+91-0178-21697729,https://www.goldenivfivfsavannahmedical.com,Advanced fertility clinic with cutting-edge technology
Select Fertility IVF Lab,"457 Vijay Lane, Muzaffarpur, Bihar",Muzaffarpur,Bihar,+91-0162-81083970,https://www.selectfertilityivflabmedical.com,Modern fertility clinic equipped with latest medical technology
Exceptional IVF Fertility Brook,"154 Rajiv Road, Mysore, Karnataka",Mysore,Karnataka,+91-0189-65361652,https://www.exceptionalivffertilitybrookmedical.com,Expert fertility specialists providing comprehensive care
Top IVF Fertility Path,"56 MG Nagar, Deoghar, Jharkhand",Deoghar,Jharkhand,+91-0140-49618300,https://www.topivffertilitypathcenter.com,Expert fertility specialists providing comprehensive care
Elite Fertility IVF Prairie,"22 Sardar Patel Colony, Faridabad, Haryana",Faridabad,Haryana,+91-0171-20736616,https://www.elitefertilityivfprairiecare.com,Specialized IVF clinic with experienced fertility specialists
Elite IVF IVF Yacht,"955 Old Colony, Bhatpara, West Bengal",Bhatpara,West Bengal,+91-0124-49156682,https://www.eliteivfivfyachtcare.com,Advanced assisted reproductive technology center
Ultimate IVF Fertility Bridge,"16 Sonia Complex, Amroha, Uttar Pradesh",Amroha,Uttar Pradesh,+91-080-13893608,https://www.ultimateivffertilitybridgeclinic.com,Comprehensive infertility treatment with state-of-the-art technology
Genesis IVF Court,"590 Tagore Complex, Morena, Madhya Pradesh",Morena,Madhya Pradesh,+91-0199-61256830,https://www.genesisivfcourtivf.com,Expert fertility care with personalized treatment plans
Ideal Fertility IVF Lake,"983 Nehru Lane, Madhyamgram, West Bengal",Madhyamgram,West Bengal,+91-0181-79321144,https://www.idealfertilityivflakecare.com,Comprehensive infertility treatment solutions
Chosen Fertility Fertility Port,"432 Indira Road, Rampur, Uttar Pradesh",Rampur,Uttar Pradesh,+91-0191-50409281,https://www.chosenfertilityfertilityportfertility.com,Complete reproductive health and fertility services
Crystal IVF Fertility Avenue,"158 Block Complex, Rajpur Sonarpur, West Bengal",Rajpur Sonarpur,West Bengal,+91-0147-85220274,https://www.crystalivffertilityavenuefertility.com,Specialized center for infertility diagnosis and treatment
Platinum IVF Fertility Peninsula,"479 Central Nagar, Sikar, Rajasthan",Sikar,Rajasthan,+91-0164-98854059,https://www.platinumivffertilitypeninsulacenter.com,Advanced fertility clinic with cutting-edge technology
Great IVF Fertility Pool,"615 Jawaharlal Nehru Complex, Hapur, Uttar Pradesh",Hapur,Uttar Pradesh,+91-0153-27576512,https://www.greativffertilitypoolhealth.com,Dedicated to helping couples achieve their dream of parenthood
Top IVF Fertility River,"751 Phase Lane, Solapur, Maharashtra",Solapur,Maharashtra,+91-0189-85444122,https://www.topivffertilityrivercare.com,Advanced reproductive medicine center with high success rates
Miracle Fertility Ship,"410 Gandhi Nagar Colony, Bikaner, Rajasthan",Bikaner,Rajasthan,+91-0168-88261754,https://www.miraclefertilityshipclinic.com,Comprehensive infertility treatment solutions
Leading IVF Fertility Target,"661 East Complex, Durg, Chhattisgarh",Durg,Chhattisgarh,+91-0181-40476678,https://www.leadingivffertilitytargethealth.com,Advanced assisted reproductive technology center
Superior IVF Fertility Meadow,"662 Jawaharlal Nehru Center, Howrah, West Bengal",Howrah,West Bengal,+91-0125-45835283,https://www.superiorivffertilitymeadowmedical.com,"Complete fertility solutions including IVF, ICSI, and fertility preservation"
Fine Fertility Fertility Institute,"336 Tagore Avenue, Munger, Bihar",Munger,Bihar,+91-0199-75062258,https://www.finefertilityfertilityinstitutehealth.com,Comprehensive fertility treatment and reproductive health services
Premier Fertility IVF Center,"342 Block Colony, Shahjahanpur, Uttar Pradesh",Shahjahanpur,Uttar Pradesh,+91-0180-52558943,https://www.premierfertilityivfcenterhealth.com,Dedicated to helping couples achieve their dream of parenthood
Ultimate IVF IVF Services,"505 West Nagar, Bhopal, Madhya Pradesh",Bhopal,Madhya Pradesh,+91-0120-94910740,https://www.ultimateivfivfservicesclinic.com,Specialized fertility care and reproductive medicine
Wonderful Fertility Fertility Aim,"706 Modi Avenue, Delhi, Delhi",Delhi,Delhi,+91-0191-50823912,https://www.wonderfulfertilityfertilityaimmedical.com,Specialized center for infertility diagnosis and treatment
Leading IVF Fertility Way,"12 North Nagar, Firozabad, Uttar Pradesh",Firozabad,Uttar Pradesh,+91-0130-23245991,https://www.leadingivffertilitywayivf.com,Leading IVF and fertility treatment facility
Prime Fertility IVF Mission,"701 MG Center, Srinagar, Jammu and Kashmir",Srinagar,Jammu and Kashmir,+91-0191-64548302,https://www.primefertilityivfmissionhealth.com,Leading IVF and fertility treatment facility
Prime Fertility Fertility Valley,"573 Main Clinic, Nellore, Andhra Pradesh",Nellore,Andhra Pradesh,+91-0146-32949081,https://www.primefertilityfertilityvalleycare.com,Advanced reproductive medicine center with high success rates
Wonderful Fertility IVF Peak,"531 West Lane, Mysore, Karnataka",Mysore,Karnataka,+91-0191-87508744,https://www.wonderfulfertilityivfpeakmedical.com,Advanced IVF clinic with proven success rates
Leading IVF IVF Ferry,"777 North Nagar, Mathura, Uttar Pradesh",Mathura,Uttar Pradesh,+91-0135-45693043,https://www.leadingivfivfferryclinic.com,Comprehensive fertility treatment and reproductive health services
Oasis Fertility Solutions,"937 Main Avenue, Bhilwara, Rajasthan",Bhilwara,Rajasthan,+91-0166-97360514,https://www.oasisfertilitysolutionscare.com,Leading fertility treatment center offering advanced ART procedures
Ultimate IVF Fertility Horizon,"633 Sonia Road, Karawal Nagar, Delhi",Karawal Nagar,Delhi,+91-0152-74023736,https://www.ultimateivffertilityhorizoncare.com,Advanced IVF clinic with proven success rates
Great IVF Fertility Horizon,"310 North Center, Amroha, Uttar Pradesh",Amroha,Uttar Pradesh,+91-0138-88768146,https://www.greativffertilityhorizonhealth.com,Leading IVF and fertility treatment facility
Choice IVF IVF Hope,"194 South Street, Vellore, Tamil Nadu",Vellore,Tamil Nadu,+91-0172-49049306,https://www.choiceivfivfhopehospital.com,"Complete fertility solutions including IVF, ICSI, and fertility preservation"
Golden IVF IVF Clinic,"406 Central Nagar, Bijapur, Karnataka",Bijapur,Karnataka,+91-0153-96086983,https://www.goldenivfivfcliniccare.com,Comprehensive infertility treatment with state-of-the-art technology
Exceptional IVF IVF Oasis,"504 Tagore Complex, Malegaon, Maharashtra",Malegaon,Maharashtra,+91-0166-78822665,https://www.exceptionalivfivfoasiscare.com,Specialized IVF clinic with experienced fertility specialists
Platinum IVF Fertility Stream,"745 South Clinic, Panchkula, Haryana",Panchkula,Haryana,+91-0121-95583569,https://www.platinumivffertilitystreamhealth.com,State-of-the-art fertility treatment center
Excellent IVF Fertility Desert,"16 Central Avenue, Thiruvananthapuram, Kerala",Thiruvananthapuram,Kerala,+91-0141-40902922,https://www.excellentivffertilitydesertmedical.com,Expert fertility care with personalized treatment plans
Milann Fertility Lab,"471 Nehru Colony, Mahesana, Gujarat",Mahesana,Gujarat,+91-0152-21929861,https://www.milannfertilitylabmedical.com,Dedicated to helping couples achieve their dream of parenthood
Vani IVF Treatment,"245 Old Avenue, Nashik, Maharashtra",Nashik,Maharashtra,+91-0135-78308860,https://www.vaniivftreatmentivf.com,Advanced reproductive medicine center with high success rates
Sapphire Fertility IVF River,"369 Main Hospital, Jamnagar, Gujarat",Jamnagar,Gujarat,+91-0179-67211785,https://www.sapphirefertilityivfriverivf.com,Dedicated to helping couples achieve their dream of parenthood
Fine Fertility Fertility Dream,"841 North Nagar, Gwalior, Madhya Pradesh",Gwalior,Madhya Pradesh,+91-0190-93684889,https://www.finefertilityfertilitydreamhealth.com,Comprehensive infertility treatment with state-of-the-art technology
Fertility First Fertility Oasis,"988 Sonia Nagar, Bhavnagar, Gujarat",Bhavnagar,Gujarat,+91-0198-19795356,https://www.fertilityfirstfertilityoasisclinic.com,State-of-the-art fertility treatment center
Ruby IVF Fertility Harbor,"460 Central Avenue, Nagarcoil, Tamil Nadu",Nagarcoil,Tamil Nadu,+91-0198-86262544,https://www.rubyivffertilityharborclinic.com,"Complete fertility solutions including IVF, ICSI, and fertility preservation"
Premium Fertility IVF Hill,"549 Bose Avenue, Kozhikode, Kerala",Kozhikode,Kerala,+91-0151-91314046,https://www.premiumfertilityivfhillhealth.com,Leading center for assisted reproductive technologies
Platinum IVF Fertility Lake,"44 Main Clinic, Bidhan Nagar, West Bengal",Bidhan Nagar,West Bengal,+91-0186-56578810,https://www.platinumivffertilitylakehospital.com,Advanced reproductive medicine center with high success rates
Elite IVF Fertility Field,"970 West Colony, Ludhiana, Punjab",Ludhiana,Punjab,+91-0168-22083254,https://www.eliteivffertilityfieldivf.com,Expert fertility specialists providing comprehensive care
Life Line IVF River,"996 Block Complex, Srinagar, Jammu and Kashmir",Srinagar,Jammu and Kashmir,+91-040-31108405,https://www.lifelineivfrivercenter.com,Specialized center for infertility diagnosis and treatment
Perfect IVF Fertility Dream,"686 Ashok Lane, Pondicherry, Puducherry",Pondicherry,Puducherry,+91-0129-67128068,https://www.perfectivffertilitydreamhealth.com,Advanced fertility clinic with cutting-edge technology
Care IVF IVF Future,"400 South Colony, Bengaluru, Karnataka",Bengaluru,Karnataka,+91-0163-94512479,https://www.careivfivffuturefertility.com,Leading IVF and fertility treatment facility
Outstanding IVF IVF Cape,"315 Sector Nagar, Munger, Bihar",Munger,Bihar,+91-0126-56497164,https://www.outstandingivfivfcapehealth.com,Specialized IVF clinic with experienced fertility specialists
Genesis Fertility Causeway,"676 Sardar Patel Colony, Rourkela, Odisha",Rourkela,Odisha,+91-0152-63494173,https://www.genesisfertilitycausewaycare.com,Specialized IVF clinic with experienced fertility specialists
Fantastic Fertility IVF Island,"467 Old Avenue, Bhiwandi, Maharashtra",Bhiwandi,Maharashtra,+91-020-28241260,https://www.fantasticfertilityivfislandhospital.com,Advanced IVF clinic with proven success rates
Select Fertility IVF Future,"603 Sardar Patel Hospital, Maheshtala, West Bengal",Maheshtala,West Bengal,+91-0145-31598826,https://www.selectfertilityivffuturecare.com,State-of-the-art fertility treatment center
Nice Fertility IVF Port,"470 Vijay Center, Saharanpur, Uttar Pradesh",Saharanpur,Uttar Pradesh,+91-0149-35191532,https://www.nicefertilityivfportfertility.com,Specialized IVF clinic with experienced fertility specialists
Amazing IVF Fertility Yacht,"259 Raj Lane, Rajahmundry, Andhra Pradesh",Rajahmundry,Andhra Pradesh,+91-0142-45831016,https://www.amazingivffertilityyachtclinic.com,Advanced assisted reproductive technology center
Outstanding IVF IVF Canal,"453 Block Nagar, Yamunanagar, Haryana",Yamunanagar,Haryana,+91-0140-69463645,https://www.outstandingivfivfcanalcenter.com,Complete reproductive health and fertility services
Excel IVF IVF Square,"119 Gandhi Center, Anand, Gujarat",Anand,Gujarat,+91-0137-34437457,https://www.excelivfivfsquarehealth.com,Comprehensive fertility treatment and reproductive health services
Perfect IVF IVF Cape,"787 West Street, Bhubaneswar, Odisha",Bhubaneswar,Odisha,+91-0185-43578317,https://www.perfectivfivfcapeclinic.com,Modern fertility clinic equipped with latest medical technology
Chosen Fertility IVF Aqueduct,"458 Raj Nagar, Sikar, Rajasthan",Sikar,Rajasthan,+91-0170-50792656,https://www.chosenfertilityivfaqueductclinic.com,Expert fertility care with personalized treatment plans
Golden IVF Fertility Street,"763 Phase Road, Navsari, Gujarat",Navsari,Gujarat,+91-0129-90387668,https://www.goldenivffertilitystreetmedical.com,Complete reproductive health and fertility services
Platinum IVF IVF Expedition,"865 West Colony, Kamarhati, West Bengal",Kamarhati,West Bengal,+91-0135-21552544,https://www.platinumivfivfexpeditioncare.com,Leading fertility treatment center offering advanced ART procedures
Platinum IVF Fertility Dam,"180 West Hospital, Rampur, Uttar Pradesh",Rampur,Uttar Pradesh,+91-0194-56896192,https://www.platinumivffertilitydamfertility.com,"Complete fertility solutions including IVF, ICSI, and fertility preservation"
Morpheus Fertility Street,"10 MG Avenue, Ratlam, Madhya Pradesh",Ratlam,Madhya Pradesh,+91-040-59145341,https://www.morpheusfertilitystreetfertility.com,Expert fertility care with personalized treatment plans
Amazing IVF Fertility Lake,"681 Sonia Complex, Asansol, West Bengal",Asansol,West Bengal,+91-040-67137222,https://www.amazingivffertilitylakehospital.com,Expert fertility care with personalized treatment plans
Fine Fertility Infertility Centre,"883 Shivaji Nagar, Ulhasnagar, Maharashtra",Ulhasnagar,Maharashtra,+91-0197-56472135,https://www.finefertilityinfertilitycentrehealth.com,Complete reproductive health and fertility services
Exceptional IVF IVF Mountain,"840 West Street, Howrah, West Bengal",Howrah,West Bengal,+91-0144-76224640,https://www.exceptionalivfivfmountainhealth.com,Complete reproductive health and fertility services
Exceptional IVF Fertility Adventure,"248 East Road, Ratlam, Madhya Pradesh",Ratlam,Madhya Pradesh,+91-0147-14283372,https://www.exceptionalivffertilityadventuremedical.com,Leading IVF and fertility treatment facility
Top IVF IVF Cruise,"824 Block Lane, Ajmer, Rajasthan",Ajmer,Rajasthan,+91-0179-32927183,https://www.topivfivfcruisehealth.com,Leading center for assisted reproductive technologies
Chosen Fertility Fertility Voyage,"946 South Clinic, Erode, Tamil Nadu",Erode,Tamil Nadu,+91-0197-12092400,https://www.chosenfertilityfertilityvoyagecare.com,Leading fertility treatment center offering advanced ART procedures
Best Fertility IVF Road,"360 Shivaji Lane, Nagercoil, Tamil Nadu",Nagercoil,Tamil Nadu,+91-0194-73331661,https://www.bestfertilityivfroadclinic.com,Specialized fertility care and reproductive medicine
Superior Fertility IVF Boulevard,"414 Ashok Colony, Jamshedpur, Jharkhand",Jamshedpur,Jharkhand,+91-0164-96523744,https://www.superiorfertilityivfboulevardcare.com,Advanced IVF clinic with proven success rates
Superb Fertility IVF Horizon,"480 Ambedkar Avenue, Firozabad, Uttar Pradesh",Firozabad,Uttar Pradesh,+91-0161-38096985,https://www.superbfertilityivfhorizoncare.com,Advanced IVF clinic with proven success rates
Premium Fertility IVF Expedition,"998 South Center, Nadiad, Gujarat",Nadiad,Gujarat,+91-0161-24995848,https://www.premiumfertilityivfexpeditionhealth.com,State-of-the-art fertility treatment center
Preferred IVF Fertility Dream,"275 Jawaharlal Nehru Avenue, Tirupati, Andhra Pradesh",Tirupati,Andhra Pradesh,+91-0128-81087379,https://www.preferredivffertilitydreammedical.com,Expert fertility care with personalized treatment plans
Supreme Fertility Fertility Aim,"157 Block Center, Vasai-Virar, Maharashtra",Vasai-Virar,Maharashtra,+91-0181-80047389,https://www.supremefertilityfertilityaimfertility.com,Complete reproductive health and fertility services
Preferred IVF IVF River,"505 Vijay Clinic, New Delhi, Delhi",New Delhi,Delhi,+91-0168-71448388,https://www.preferredivfivfriverfertility.com,Comprehensive infertility treatment solutions
Sapphire Fertility Fertility Field,"263 Old Street, Bhilwara, Rajasthan",Bhilwara,Rajasthan,+91-0156-49671310,https://www.sapphirefertilityfertilityfieldfertility.com,Specialized fertility care and reproductive medicine
Best Fertility IVF Mission,"221 Old Complex, Korba, Chhattisgarh",Korba,Chhattisgarh,+91-0130-78411031,https://www.bestfertilityivfmissionclinic.com,Advanced reproductive medicine center with high success rates
Care IVF IVF Way,"385 Main Street, Pune, Maharashtra",Pune,Maharashtra,+91-0138-68384041,https://www.careivfivfwaycare.com,Specialized center for infertility diagnosis and treatment
Amazing IVF IVF Services,"89 New Complex, Ambattur, Tamil Nadu",Ambattur,Tamil Nadu,+91-033-16586691,https://www.amazingivfivfservicesclinic.com,Specialized IVF clinic with experienced fertility specialists
Top IVF Fertility Cruise,"966 Main Avenue, Biharsharif, Bihar",Biharsharif,Bihar,+91-0129-69443703,https://www.topivffertilitycruiseivf.com,Advanced assisted reproductive technology center
Elite IVF Fertility,"769 Indira Avenue, Uluberia, West Bengal",Uluberia,West Bengal,+91-0121-34830264,https://www.eliteivffertilitycare.com,Advanced assisted reproductive technology center
Nice Fertility Fertility Services,"373 East Avenue, Vijayanagaram, Andhra Pradesh",Vijayanagaram,Andhra Pradesh,+91-0183-38372343,https://www.nicefertilityfertilityservicescare.com,Specialized IVF clinic with experienced fertility specialists
Supreme Fertility Fertility Dam,"608 New Clinic, Jamshedpur, Jharkhand",Jamshedpur,Jharkhand,+91-0138-51035038,https://www.supremefertilityfertilitydamclinic.com,Leading IVF and fertility treatment facility
Outstanding IVF Fertility Spring,"409 Ambedkar Road, Surat, Gujarat",Surat,Gujarat,+91-0193-27478094,https://www.outstandingivffertilityspringmedical.com,Leading IVF and fertility treatment facility
Ruby IVF Fertility Way,"936 Tagore Avenue, Noida, Uttar Pradesh",Noida,Uttar Pradesh,+91-0147-80799611,https://www.rubyivffertilitywayclinic.com,Dedicated to helping couples achieve their dream of parenthood
Premium Fertility IVF Viaduct,"344 Nehru Hospital, Surat, Gujarat",Surat,Gujarat,+91-080-56128266,https://www.premiumfertilityivfviaductcenter.com,Advanced assisted reproductive technology center
Good IVF Fertility Way,"144 Tagore Road, Chittoor, Andhra Pradesh",Chittoor,Andhra Pradesh,+91-0190-31962649,https://www.goodivffertilitywaymedical.com,State-of-the-art fertility treatment center
Nice Fertility IVF Pool,"463 Bose Colony, Bulandshahr, Uttar Pradesh",Bulandshahr,Uttar Pradesh,+91-080-54077939,https://www.nicefertilityivfpoolhospital.com,Specialized center for infertility diagnosis and treatment
Premium IVF Fertility Cruise,"20 Old Road, Nashik, Maharashtra",Nashik,Maharashtra,+91-0135-76599447,https://www.premiumivffertilitycruiseclinic.com,Specialized fertility care and reproductive medicine
Ultimate IVF IVF Field,"775 Shivaji Lane, Hapur, Uttar Pradesh",Hapur,Uttar Pradesh,+91-0194-51139342,https://www.ultimateivfivffieldfertility.com,Specialized IVF clinic with experienced fertility specialists
Ideal Fertility Fertility Court,"652 Phase Street, Bhind, Madhya Pradesh",Bhind,Madhya Pradesh,+91-022-46060312,https://www.idealfertilityfertilitycourthealth.com,Complete reproductive health and fertility services
Sapphire Fertility IVF Peninsula,"291 Shivaji Hospital, Coimbatore, Tamil Nadu",Coimbatore,Tamil Nadu,+91-0149-60459809,https://www.sapphirefertilityivfpeninsulacenter.com,Complete reproductive health and fertility services
Royal IVF IVF Dream,"718 Block Avenue, Jhansi, Uttar Pradesh",Jhansi,Uttar Pradesh,+91-0163-78994909,https://www.royalivfivfdreamhealth.com,"Complete fertility solutions including IVF, ICSI, and fertility preservation"
Top IVF IVF Dam,"517 North Nagar, Khandwa, Madhya Pradesh",Khandwa,Madhya Pradesh,+91-0142-73496956,https://www.topivfivfdamfertility.com,Leading fertility treatment center offering advanced ART procedures
Exceptional IVF Fertility Boat,"421 Ambedkar Nagar, Yamunanagar, Haryana",Yamunanagar,Haryana,+91-0191-18243561,https://www.exceptionalivffertilityboathospital.com,Complete reproductive health and fertility services
Wonderful Fertility IVF Tunnel,"488 Block Road, Munger, Bihar",Munger,Bihar,+91-0173-12631775,https://www.wonderfulfertilityivftunnelhospital.com,Leading IVF and fertility treatment facility
Amazing IVF IVF Street,"501 Indira Complex, Bellary, Karnataka",Bellary,Karnataka,+91-0126-99220108,https://www.amazingivfivfstreetclinic.com,State-of-the-art fertility treatment center
Remarkable Fertility Fertility Goal,"414 Bose Center, Jabalpur, Madhya Pradesh",Jabalpur,Madhya Pradesh,+91-0182-20782550,https://www.remarkablefertilityfertilitygoalcare.com,Expert fertility specialists providing comprehensive care
Supreme Fertility Fertility Solutions,"335 New Lane, Gandhidham, Gujarat",Gandhidham,Gujarat,+91-0127-11535884,https://www.supremefertilityfertilitysolutionsfertility.com,Advanced fertility clinic with cutting-edge technology
Ideal Fertility IVF Meadow,"424 Old Center, Asansol, West Bengal",Asansol,West Bengal,+91-0173-67871943,https://www.idealfertilityivfmeadowcenter.com,Expert fertility specialists providing comprehensive care
Royal IVF Fertility Pond,"890 Block Clinic, Amravati, Maharashtra",Amravati,Maharashtra,+91-0168-73909730,https://www.royalivffertilitypondcare.com,Comprehensive infertility treatment with state-of-the-art technology
Remarkable Fertility Fertility Mission,"421 Rajiv Colony, Mumbai, Maharashtra",Mumbai,Maharashtra,+91-0120-51511631,https://www.remarkablefertilityfertilitymissionhospital.com,Advanced assisted reproductive technology center
Ultimate IVF IVF Meadow,"583 Central Center, Belgaum, Karnataka",Belgaum,Karnataka,+91-0183-85158948,https://www.ultimateivfivfmeadowhealth.com,Comprehensive infertility treatment solutions
Exceptional IVF IVF Plan,"475 Bose Avenue, Madhyamgram, West Bengal",Madhyamgram,West Bengal,+91-0141-62604511,https://www.exceptionalivfivfplanmedical.com,Leading IVF and fertility treatment facility
Great IVF Fertility Meadow,"706 Main Nagar, Durgapur, West Bengal",Durgapur,West Bengal,+91-0122-92730155,https://www.greativffertilitymeadowhealth.com,Specialized fertility care and reproductive medicine
Ideal Fertility IVF Crest,"624 Phase Street, Bhalswa Jahangir Pur, Delhi",Bhalswa Jahangir Pur,Delhi,+91-080-26824519,https://www.idealfertilityivfcresthospital.com,Comprehensive infertility treatment solutions
Platinum IVF IVF Peak,"211 Sonia Hospital, Aligarh, Uttar Pradesh",Aligarh,Uttar Pradesh,+91-0124-42539358,https://www.platinumivfivfpeakhealth.com,Comprehensive infertility treatment with state-of-the-art technology
Fine Fertility IVF Desert,"826 Old Road, Arrah, Bihar",Arrah,Bihar,+91-0198-43422807,https://www.finefertilityivfdeserthospital.com,Comprehensive fertility treatment and reproductive health services
Great IVF IVF Plain,"739 East Lane, Jodhpur, Rajasthan",Jodhpur,Rajasthan,+91-0152-49157961,https://www.greativfivfplainhealth.com,State-of-the-art fertility treatment center
Sapphire Fertility Fertility Aqueduct,"70 Sardar Patel Avenue, Bhilai, Chhattisgarh",Bhilai,Chhattisgarh,+91-0177-76907470,https://www.sapphirefertilityfertilityaqueductcare.com,Advanced reproductive medicine center with high success rates
Fantastic Fertility Fertility Creek,"29 Sonia Street, Bidar, Karnataka",Bidar,Karnataka,+91-0192-94288562,https://www.fantasticfertilityfertilitycreekhospital.com,Specialized center for infertility diagnosis and treatment
Choice IVF Fertility Street,"172 Shivaji Clinic, Tiruvottiyur, Tamil Nadu",Tiruvottiyur,Tamil Nadu,+91-0186-31253469,https://www.choiceivffertilitystreetivf.com,State-of-the-art fertility treatment center
Optimal IVF IVF Desert,"126 Modi Colony, Thoothukudi, Tamil Nadu",Thoothukudi,Tamil Nadu,+91-0181-89948997,https://www.optimalivfivfdesertmedical.com,Advanced IVF clinic with proven success rates
Chosen Fertility IVF Desert,"896 North Lane, Tiruvottiyur, Tamil Nadu",Tiruvottiyur,Tamil Nadu,+91-0124-17390191,https://www.chosenfertilityivfdesertfertility.com,Specialized fertility care and reproductive medicine
